[
  {
    "id": "c98f671c-7562-44fa-b6de-0e059c6b6de0",
    "data": [
      {
        "text": "Is it in ",
        "userDefined": false
      },
      {
        "text": "Africa",
        "alias": "continent",
        "meta": "@Continents",
        "userDefined": false
      }
    ],
    "isTemplate": false,
    "count": 0
  },
  {
    "id": "edc02151-3c91-4bf3-93bd-e27ed00ec47e",
    "data": [
      {
        "text": "The answer is ",
        "userDefined": false
      },
      {
        "text": "South America",
        "alias": "continent",
        "meta": "@Continents",
        "userDefined": false
      }
    ],
    "isTemplate": false,
    "count": 0
  },
  {
    "id": "d18fb64f-9dfb-4c0c-8f09-39f09523b089",
    "data": [
      {
        "text": "I think it\u0027s in ",
        "userDefined": false
      },
      {
        "text": "North America",
        "alias": "continent",
        "meta": "@Continents",
        "userDefined": false
      }
    ],
    "isTemplate": false,
    "count": 0
  },
  {
    "id": "748910ef-fd84-47f8-8ba7-8aa8dfaf719a",
    "data": [
      {
        "text": "Europe",
        "alias": "continent",
        "meta": "@Continents",
        "userDefined": true
      }
    ],
    "isTemplate": false,
    "count": 0
  },
  {
    "id": "03e713fd-cec3-4b46-9261-876489db6154",
    "data": [
      {
        "text": "Asia",
        "alias": "continent",
        "meta": "@Continents",
        "userDefined": true
      }
    ],
    "isTemplate": false,
    "count": 0
  }
]