[
  {
    "id": "bb67e933-6d5e-496c-b098-9984bff98711",
    "data": [
      {
        "text": "Say that again please",
        "userDefined": false
      }
    ],
    "isTemplate": false,
    "count": 0
  },
  {
    "id": "bd0ec859-b009-440f-aa68-6221705ae991",
    "data": [
      {
        "text": "What?",
        "userDefined": false
      }
    ],
    "isTemplate": false,
    "count": 0
  },
  {
    "id": "93bf7bcd-7666-42c9-abaa-c42f5f9151d2",
    "data": [
      {
        "text": "Can you repeat that",
        "userDefined": false
      }
    ],
    "isTemplate": false,
    "count": 0
  },
  {
    "id": "fd4821c5-e185-4619-b3bd-589408505c36",
    "data": [
      {
        "text": "I don\u0027t know",
        "userDefined": false
      }
    ],
    "isTemplate": false,
    "count": 0
  }
]