[
  {
    "value": "asia",
    "synonyms": [
      "Asia"
    ]
  },
  {
    "value": "africa",
    "synonyms": [
      "Africa"
    ]
  },
  {
    "value": "northamerica",
    "synonyms": [
      "North America"
    ]
  },
  {
    "value": "southamerica",
    "synonyms": [
      "South America"
    ]
  },
  {
    "value": "antarctica",
    "synonyms": [
      "Antarctica"
    ]
  },
  {
    "value": "europe",
    "synonyms": [
      "Europe"
    ]
  },
  {
    "value": "oceania",
    "synonyms": [
      "Oceania"
    ]
  }
]